Workbook

Sheet Summary
A1: Category | B1: Total Exceptions/Discrepancies | C1: Total Value
A2: Queue Exceptions | B2: =COUNTA('Queue Exceptions'!A2:A1000)
A3: Billing Reconciliations | B3: =COUNTA('Billing Reconciliations'!A2:A1000) | C3: =SUM('Billing Reconciliations'!G2:G1000)
A4: Delinquent Accounts | B4: =COUNTA(Aging!A2:A1000) | C4: =SUM(Aging!I2:I1000)

Sheet Billing Reconciliations
A1: Slip ID | B1: Tenant | C1: Vessel LOA | D1: Billable Length | E1: Expected Bill | F1: Actual Billed | G1: Variance
A2: LP-0102 | B2: Damon Phillips | C2: 21.9 | D2: 22 | E2: 228.8 | F2: 416 | G2: =F2-E2
A3: LP-0108 | B3: Alan Thomas | C3: 23.4 | D3: 24 | E3: 249.6 | F3: 332.8 | G3: =F3-E3
A4: LP-0109 | B4: Sandra Sweeney | C4: 20.8 | D4: 21 | E4: 218.4 | F4: 332.8 | G4: =F4-E4
A5: LP-0110 | B5: Jason Martinez | C5: 26 | D5: 26 | E5: 270.4 | F5: 291.2 | G5: =F5-E5
A6: LP-0113 | B6: Elizabeth Williams | C6: 26 | D6: 26 | E6: 270.4 | F6: 374.4 | G6: =F6-E6
A7: LP-0115 | B7: Matthew Thomas | C7: 18.8 | D7: 19 | E7: 197.6 | F7: 291.2 | G7: =F7-E7
A8: LP-0116 | B8: Joseph Bishop | C8: 19.2 | D8: 20 | E8: 208 | F8: 291.2 | G8: =F8-E8
A9: LP-0117 | B9: Benjamin Willis | C9: 28.7 | D9: 29 | E9: 301.6 | F9: 332.8 | G9: =F9-E9
A10: LP-0118 | B10: Keith Powell | C10: 22.1 | D10: 23 | E10: 239.2 | F10: 249.6 | G10: =F10-E10
A11: LP-0120 | B11: Kayla Johnson | C11: 30.8 | D11: 31 | E11: 322.4 | F11: 332.8 | G11: =F11-E11
A12: LP-0123 | B12: Brittney Daugherty | C12: 25.3 | D12: 26 | E12: 270.4 | F12: 332.8 | G12: =F12-E12
A13: LP-0205 | B13: Gary Young | C13: 23 | D13: 23 | E13: 239.2 | F13: 416 | G13: =F13-E13
... A68: VB-0113 | B68: Kimberly Solomon | C68: 24.8 | D68: 25 | E68: 260 | F68: 291.2 | G68: =F68-E68

Sheet Queue Exceptions
A1: Applicant ID | B1: Event Date | C1: Event Type | D1: Exception Type | E1: Details
A2: WL-01695 | B2: 2023-01-10 | C2: Skip | D2: No contemporaneous proof | E2: Reason: vessel-fit
A3: WL-03523 | B3: 2023-03-15 | C3: Skip | D3: No contemporaneous proof | E3: Reason: vessel-fit
A4: WL-01781 | B4: 2023-06-15 | C4: Skip | D4: No contemporaneous proof | E4: Reason: preference-mismatch
A5: WL-03844 | B5: 2023-09-16 | C5: Skip | D5: No contemporaneous proof | E5: Reason: vessel-fit
A6: WL-02285 | B6: 2023-09-11 | C6: Skip | D6: No contemporaneous proof | E6: Reason: declined-prior-offer
A7: WL-01950 | B7: 2024-04-02 | C7: Skip | D7: No contemporaneous proof | E7: Reason: vessel-fit
A8: WL-02948 | B8: 2024-04-21 | C8: Skip | D8: No contemporaneous proof | E8: Reason: vessel-fit
A9: WL-01144 | B9: 2024-06-05 | C9: Skip | D9: No contemporaneous proof | E9: Reason: vessel-fit
A10: WL-02598 | B10: 2024-11-17 | C10: Skip | D10: No contemporaneous proof | E10: Reason: vessel-fit
A11: WL-02298 | B11: 2025-07-06 | C11: Skip | D11: No contemporaneous proof | E11: Reason: vessel-fit
A12: WL-03094 | B12: 2025-07-28 | C12: Skip | D12: No contemporaneous proof | E12: Reason: not-current
... A21: WL-02085 | B21: 2026-02-10 | C21: Offer | D21: Use of uncertified length | E21: Offer OFR-2026-1292 accepted

Sheet Aging
A1: Account ID | B1: Tenant | C1: Slip ID | D1: Current | E1: 30 Days | F1: 60 Days | G1: 90 Days | H1: 120+ Days | I1: Total Due
A2: AC-LP-0122 | B2: Paula Arroyo | C2: LP-0122 | D2: 509.6 | E2: 509.6 | F2: 509.6 | G2: 509.6 | H2: 0 | I2: =SUM(D2:H2)
A3: AC-LP-0402 | B3: Dawn Brown | C3: LP-0402 | D3: 384.8 | E3: 384.8 | F3: 384.8 | G3: 384.8 | H3: 0 | I3: =SUM(D3:H3)
A4: AC-LP-0602 | B4: Lee Maldonado | C4: LP-0602 | D4: 603.2 | E4: 603.2 | F4: 603.2 | G4: 603.2 | H4: 603.2 | I4: =SUM(D4:H4)
A5: AC-LP-0605 | B5: Andrew Anderson | C5: LP-0605 | D5: 530.4 | E5: 530.4 | F5: 530.4 | G5: 530.4 | H5: 0 | I5: =SUM(D5:H5)
A6: AC-LP-0713 | B6: Stacey Mitchell | C6: LP-0713 | D6: 416 | E6: 416 | F6: 416 | G6: 416 | H6: 832 | I6: =SUM(D6:H6)
A7: AC-LP-0801 | B7: Allison Nguyen | C7: LP-0801 | D7: 488.8 | E7: 488.8 | F7: 488.8 | G7: 488.8 | H7: 0 | I7: =SUM(D7:H7)
