Workbook

Sheet Summary
A1: Chaldale Harbor Marina - Moorage Audit August 2026
A3: Queue Exceptions Count
A4: Priority 1 | B4: =COUNTIF('Queue Exceptions'!E:E, "Priority 1")
A5: Priority 2 | B5: =COUNTIF('Queue Exceptions'!E:E, "Priority 2")
A7: Billing Reconciliations
A8: Total Variance | B8: =SUM('Billing Reconciliations'!I:I)
A9: Subledger Errors Count | B9: =COUNTA('Billing Reconciliations'!A:A)-1
A11: Delinquencies
A12: Total Delinquent Balance | B12: =SUM(Delinquencies!F:F)
A13: Delinquent Accounts Count | B13: =COUNTA(Delinquencies!A:A)-1

Sheet Queue Exceptions
A1: ID | B1: Date | C1: Applicant ID | D1: Exception Type | E1: Priority
A2: SKP-2023-0095 | B2: 2023-01-08 | C2: WL-03099 | D2: Skip with no supporting records | E2: Priority 1
A3: SKP-2023-0096 | B3: 2023-01-08 | C3: WL-02685 | D3: Skip with no supporting records | E3: Priority 1
A4: SKP-2023-0097 | B4: 2023-01-26 | C4: WL-01298 | D4: Skip with no supporting records | E4: Priority 1
A5: SKP-2023-0098 | B5: 2023-01-08 | C5: WL-01959 | D5: Skip with no supporting records | E5: Priority 1
A6: SKP-2023-0099 | B6: 2023-01-10 | C6: WL-01695 | D6: Skip with no supporting records | E6: Priority 1
A7: SKP-2023-0100 | B7: 2023-02-18 | C7: WL-02565 | D7: Skip with no supporting records | E7: Priority 1
A8: SKP-2023-0101 | B8: 2023-02-19 | C8: WL-02664 | D8: Skip with no supporting records | E8: Priority 1
A9: SKP-2023-0102 | B9: 2023-02-10 | C9: WL-03582 | D9: Skip with no supporting records | E9: Priority 1
A10: SKP-2023-0103 | B10: 2023-02-17 | C10: WL-02918 | D10: Skip with no supporting records | E10: Priority 1
A11: SKP-2023-0104 | B11: 2023-03-15 | C11: WL-03523 | D11: Skip with no supporting records | E11: Priority 1
A12: SKP-2023-0105 | B12: 2023-03-06 | C12: WL-02366 | D12: Skip with no supporting records | E12: Priority 1
... A509: AMD-002242 | B509: 2026-08-17 | C509: WL-03688 | D509: Amendment with no certificate and no downstream skip events | E509: Priority 2

Sheet Billing Reconciliations
A1: Slip ID | B1: Tenant | C1: Vessel LOA (ft) | D1: Slip Size (ft) | E1: Billable Length (ft) | F1: Type | G1: Expected Charge | H1: Actual Charge | I1: Variance
A2: GW-0502 | B2: David Sanders | C2: 36.5 | D2: 60 | E2: =MAX(CEILING.MATH(C2, 1), D2) | F2: OPEN | G2: =IF(F2="COVERED", E2*10.40, E2*7.55) | H2: 0 | I2: =H2-G2
A3: GW-0503 | B3: Ashley Park | C3: 43.9 | D3: 32 | E3: =MAX(CEILING.MATH(C3, 1), D3) | F3: OPEN | G3: =IF(F3="COVERED", E3*10.40, E3*7.55) | H3: 0 | I3: =H3-G3
A4: GW-0504 | B4: Patricia Marquez | C4: 25.2 | D4: 50 | E4: =MAX(CEILING.MATH(C4, 1), D4) | F4: OPEN | G4: =IF(F4="COVERED", E4*10.40, E4*7.55) | H4: 0 | I4: =H4-G4
A5: GW-0505 | B5: Erin Holmes | C5: 54.3 | D5: 60 | E5: =MAX(CEILING.MATH(C5, 1), D5) | F5: OPEN | G5: =IF(F5="COVERED", E5*10.40, E5*7.55) | H5: 0 | I5: =H5-G5
A6: GW-0506 | B6: Kathryn Cook | C6: 25.2 | D6: 45 | E6: =MAX(CEILING.MATH(C6, 1), D6) | F6: OPEN | G6: =IF(F6="COVERED", E6*10.40, E6*7.55) | H6: 0 | I6: =H6-G6
A7: GW-0507 | B7: Jennifer Stout | C7: 38.3 | D7: 24 | E7: =MAX(CEILING.MATH(C7, 1), D7) | F7: OPEN | G7: =IF(F7="COVERED", E7*10.40, E7*7.55) | H7: 0 | I7: =H7-G7
A8: GW-0508 | B8: Warren Wilkins | C8: 25.9 | D8: 70 | E8: =MAX(CEILING.MATH(C8, 1), D8) | F8: OPEN | G8: =IF(F8="COVERED", E8*10.40, E8*7.55) | H8: 0 | I8: =H8-G8
A9: GW-0509 | B9: Teresa Greer | C9: 35.6 | D9: 45 | E9: =MAX(CEILING.MATH(C9, 1), D9) | F9: OPEN | G9: =IF(F9="COVERED", E9*10.40, E9*7.55) | H9: 0 | I9: =H9-G9
A10: GW-0511 | B10: Danny Jones | C10: 28.7 | D10: 70 | E10: =MAX(CEILING.MATH(C10, 1), D10) | F10: OPEN | G10: =IF(F10="COVERED", E10*10.40, E10*7.55) | H10: 0 | I10: =H10-G10
A11: GW-0512 | B11: Seth Raymond | C11: 37 | D11: 32 | E11: =MAX(CEILING.MATH(C11, 1), D11) | F11: OPEN | G11: =IF(F11="COVERED", E11*10.40, E11*7.55) | H11: 0 | I11: =H11-G11
A12: GW-0513 | B12: Karen Davis | C12: 51.6 | D12: 32 | E12: =MAX(CEILING.MATH(C12, 1), D12) | F12: OPEN | G12: =IF(F12="COVERED", E12*10.40, E12*7.55) | H12: 0 | I12: =H12-G12
A13: GW-0514 | B13: Timothy Jennings | C13: 32.5 | D13: 40 | E13: =MAX(CEILING.MATH(C13, 1), D13) | F13: OPEN | G13: =IF(F13="COVERED", E13*10.40, E13*7.55) | H13: 0 | I13: =H13-G13
... A318: SB-0918 | B318: Laura Franklin | C318: 56.6 | D318: 80 | E318: =MAX(CEILING.MATH(C318, 1), D318) | F318: OPEN | G318: =IF(F318="COVERED", E318*10.40, E318*7.55) | H318: 0 | I318: =H318-G318

Sheet Delinquencies
A1: Account ID | B1: Slip ID | C1: Tenant | D1: 91-120 Days | E1: 120+ Days | F1: Delinquent Balance
A2: AC-LP-0122 | B2: LP-0122 | C2: Paula Arroyo | D2: 509.6 | E2: 0 | F2: =D2+E2
A3: AC-LP-0402 | B3: LP-0402 | C3: Dawn Brown | D3: 384.8 | E3: 0 | F3: =D3+E3
A4: AC-LP-0602 | B4: LP-0602 | C4: Lee Maldonado | D4: 603.2 | E4: 603.2 | F4: =D4+E4
A5: AC-LP-0605 | B5: LP-0605 | C5: Andrew Anderson | D5: 530.4 | E5: 0 | F5: =D5+E5
A6: AC-LP-0713 | B6: LP-0713 | C6: Stacey Mitchell | D6: 416 | E6: 832 | F6: =D6+E6
A7: AC-LP-0801 | B7: LP-0801 | C7: Allison Nguyen | D7: 488.8 | E7: 0 | F7: =D7+E7
