Workbook

Sheet Summary
A1: Chaldale Moorage Audit - August 1, 2026
A3: Category | B3: Count | C3: Total Variance / Leakage ($)
A4: Queue Exceptions (Bypass) | B4: =COUNTIF('Queue Exceptions'!A2:A1000, "Bypass - No Contemporaneous Proof")
A5: Queue Exceptions (Uncertified Length) | B5: =COUNTIF('Queue Exceptions'!A2:A1000, "Uncertified Vessel Length")
A6: Billing Discrepancies | B6: =COUNTA('Billing Reconciliations'!A2:A1000) | C6: =SUM('Billing Reconciliations'!I2:I1000)
A7: >90 Days Delinquent | B7: =COUNTA('Aging'!A2:A1000) | C7: =SUM('Aging'!F2:F1000)

Sheet Queue Exceptions
A1: Exception Type | B1: Date | C1: Offer ID | D1: Applicant ID | E1: Slip ID | F1: Skip Reason
A2: Bypass - No Contemporaneous Proof | B2: 2023-01-08 | C2: OFR-2023-0323 | D2: WL-03099 | E2: LP-0317 | F2: vessel-fit
A3: Bypass - No Contemporaneous Proof | B3: 2023-01-08 | C3: OFR-2023-0324 | D3: WL-02685 | E3: LP-0906 | F3: vessel-fit
A4: Bypass - No Contemporaneous Proof | B4: 2023-01-26 | C4: OFR-2023-0326 | D4: WL-01298 | E4: GW-0708 | F4: vessel-fit
A5: Bypass - No Contemporaneous Proof | B5: 2023-01-08 | C5: OFR-2023-0334 | D5: WL-01959 | E5: VB-1023 | F5: not-current
A6: Bypass - No Contemporaneous Proof | B6: 2023-01-10 | C6: OFR-2023-0338 | D6: WL-01695 | E6: EW-0203 | F6: vessel-fit
A7: Bypass - No Contemporaneous Proof | B7: 2023-02-18 | C7: OFR-2023-0343 | D7: WL-02565 | E7: GW-0116 | F7: vessel-fit
A8: Bypass - No Contemporaneous Proof | B8: 2023-02-19 | C8: OFR-2023-0345 | D8: WL-02664 | E8: GW-0220 | F8: preference-mismatch
A9: Bypass - No Contemporaneous Proof | B9: 2023-02-10 | C9: OFR-2023-0346 | D9: WL-03582 | E9: GW-0615 | F9: not-current
A10: Bypass - No Contemporaneous Proof | B10: 2023-02-17 | C10: OFR-2023-0350 | D10: WL-02918 | E10: LP-1116 | F10: declined-prior-offer
A11: Bypass - No Contemporaneous Proof | B11: 2023-03-15 | C11: OFR-2023-0360 | D11: WL-03523 | E11: SB-0210 | F11: vessel-fit
A12: Bypass - No Contemporaneous Proof | B12: 2023-03-06 | C12: OFR-2023-0361 | D12: WL-02366 | E12: LP-1116 | F12: vessel-fit
... A305: Bypass - No Contemporaneous Proof | B305: 2026-07-05 | C305: OFR-2026-1452 | D305: WL-03059 | E305: GW-0223 | F305: not-current
A307: Uncertified Vessel Length category has no exceptions to report.

Sheet Billing Reconciliations
A1: Account ID | B1: Slip ID | C1: Tenant | D1: LOA (ft) | E1: Billable Length (ft) | F1: Covered/Open | G1: Billed Rate ($) | H1: Expected Rate ($) | I1: Variance ($)
A2: AC-LP-0102 | B2: LP-0102 | C2: Damon Phillips | D2: 21.9 | E2: 22 | F2: COVERED | G2: 416 | H2: =IF(F2="COVERED", E2*10.40, E2*7.55) | I2: =G2-H2
A3: AC-LP-0108 | B3: LP-0108 | C3: Alan Thomas | D3: 23.4 | E3: 24 | F3: COVERED | G3: 332.8 | H3: =IF(F3="COVERED", E3*10.40, E3*7.55) | I3: =G3-H3
A4: AC-LP-0109 | B4: LP-0109 | C4: Sandra Sweeney | D4: 20.8 | E4: 21 | F4: COVERED | G4: 332.8 | H4: =IF(F4="COVERED", E4*10.40, E4*7.55) | I4: =G4-H4
A5: AC-LP-0110 | B5: LP-0110 | C5: Jason Martinez | D5: 26 | E5: 26 | F5: COVERED | G5: 291.2 | H5: =IF(F5="COVERED", E5*10.40, E5*7.55) | I5: =G5-H5
A6: AC-LP-0113 | B6: LP-0113 | C6: Elizabeth Williams | D6: 26 | E6: 26 | F6: COVERED | G6: 374.4 | H6: =IF(F6="COVERED", E6*10.40, E6*7.55) | I6: =G6-H6
A7: AC-LP-0115 | B7: LP-0115 | C7: Matthew Thomas | D7: 18.8 | E7: 19 | F7: COVERED | G7: 291.2 | H7: =IF(F7="COVERED", E7*10.40, E7*7.55) | I7: =G7-H7
A8: AC-LP-0116 | B8: LP-0116 | C8: Joseph Bishop | D8: 19.2 | E8: 20 | F8: COVERED | G8: 291.2 | H8: =IF(F8="COVERED", E8*10.40, E8*7.55) | I8: =G8-H8
A9: AC-LP-0117 | B9: LP-0117 | C9: Benjamin Willis | D9: 28.7 | E9: 29 | F9: COVERED | G9: 332.8 | H9: =IF(F9="COVERED", E9*10.40, E9*7.55) | I9: =G9-H9
A10: AC-LP-0118 | B10: LP-0118 | C10: Keith Powell | D10: 22.1 | E10: 23 | F10: COVERED | G10: 249.6 | H10: =IF(F10="COVERED", E10*10.40, E10*7.55) | I10: =G10-H10
A11: AC-LP-0120 | B11: LP-0120 | C11: Kayla Johnson | D11: 30.8 | E11: 31 | F11: COVERED | G11: 332.8 | H11: =IF(F11="COVERED", E11*10.40, E11*7.55) | I11: =G11-H11
A12: AC-LP-0123 | B12: LP-0123 | C12: Brittney Daugherty | D12: 25.3 | E12: 26 | F12: COVERED | G12: 332.8 | H12: =IF(F12="COVERED", E12*10.40, E12*7.55) | I12: =G12-H12
A13: AC-LP-0205 | B13: LP-0205 | C13: Gary Young | D13: 23 | E13: 23 | F13: COVERED | G13: 416 | H13: =IF(F13="COVERED", E13*10.40, E13*7.55) | I13: =G13-H13
... A68: AC-VB-0113 | B68: VB-0113 | C68: Kimberly Solomon | D68: 24.8 | E68: 25 | F68: COVERED | G68: 291.2 | H68: =IF(F68="COVERED", E68*10.40, E68*7.55) | I68: =G68-H68

Sheet Aging
A1: Account ID | B1: Slip ID | C1: Tenant | D1: 90 Days ($) | E1: 120+ Days ($) | F1: Total Due ($)
A2: AC-LP-0122 | B2: LP-0122 | C2: Paula Arroyo | D2: 509.6 | E2: 0 | F2: 2038.4
A3: AC-LP-0402 | B3: LP-0402 | C3: Dawn Brown | D3: 384.8 | E3: 0 | F3: 1539.2
A4: AC-LP-0602 | B4: LP-0602 | C4: Lee Maldonado | D4: 603.2 | E4: 603.2 | F4: 3016
A5: AC-LP-0605 | B5: LP-0605 | C5: Andrew Anderson | D5: 530.4 | E5: 0 | F5: 2121.6
A6: AC-LP-0713 | B6: LP-0713 | C6: Stacey Mitchell | D6: 416 | E6: 832 | F6: 2496
A7: AC-LP-0801 | B7: LP-0801 | C7: Allison Nguyen | D7: 488.8 | E7: 0 | F7: 1955.2
