Workbook

Sheet Summary
A1: Chaldale Harbor District Moorage Audit - August 2026
A3: Category | B3: Count | C3: Variance / Total Due
A4: Queue Exceptions | B4: =COUNTA('Queue Exceptions'!A2:A4)
A5: Billing Discrepancies | B5: =COUNTA('Billing Reconciliations'!A2:A267) | C5: ='Billing Reconciliations'!J268
A6: Accounts > 90 Days Delinquent | B6: =COUNTA('Aging'!A2:A7) | C6: ='Aging'!K8

Sheet Queue Exceptions
A1: Skip ID | B1: Date Worked | C1: Applicant ID | D1: Reason | E1: Justification | F1: Exception Detail
A2: SKP-2023-0408 | B2: 2023-05-02 | C2: WL-02618 | D2: vessel-fit | E2: Cover sheet only — supporting record not attached | F2: No contemporaneous proof of eligibility
A3: SKP-2024-0409 | B3: 2024-02-20 | C3: WL-03044 | D3: preference-mismatch | E3: Cover sheet only — supporting record not attached | F3: No contemporaneous proof of eligibility
A4: SKP-2024-0410 | B4: 2024-11-05 | C4: WL-03390 | D4: declined-prior-offer | E4: Cover sheet only — supporting record not attached | F4: No contemporaneous proof of eligibility

Sheet Billing Reconciliations
A1: Slip ID | B1: Basin Type | C1: Vessel LOA | D1: Expected Billed Length | E1: Expected Rate | F1: Expected Amount | G1: Billed Length | H1: Billed Rate | I1: Billed Amount | J1: Monthly Variance
A2: LP-0102 | B2: covered | C2: 21.9 | D2: =ROUNDUP(C2,0) | E2: 10.4 | F2: =D2*E2 | G2: 40 | H2: 10.4 | I2: 416 | J2: =I2-F2
A3: LP-0108 | B3: covered | C3: 23.4 | D3: =ROUNDUP(C3,0) | E3: 10.4 | F3: =D3*E3 | G3: 32 | H3: 10.4 | I3: 332.8 | J3: =I3-F3
A4: LP-0109 | B4: covered | C4: 20.8 | D4: =ROUNDUP(C4,0) | E4: 10.4 | F4: =D4*E4 | G4: 32 | H4: 10.4 | I4: 332.8 | J4: =I4-F4
A5: LP-0110 | B5: covered | C5: 26 | D5: =ROUNDUP(C5,0) | E5: 10.4 | F5: =D5*E5 | G5: 28 | H5: 10.4 | I5: 291.2 | J5: =I5-F5
A6: LP-0113 | B6: covered | C6: 26 | D6: =ROUNDUP(C6,0) | E6: 10.4 | F6: =D6*E6 | G6: 36 | H6: 10.4 | I6: 374.4 | J6: =I6-F6
A7: LP-0115 | B7: covered | C7: 18.8 | D7: =ROUNDUP(C7,0) | E7: 10.4 | F7: =D7*E7 | G7: 28 | H7: 10.4 | I7: 291.2 | J7: =I7-F7
A8: LP-0116 | B8: covered | C8: 19.2 | D8: =ROUNDUP(C8,0) | E8: 10.4 | F8: =D8*E8 | G8: 28 | H8: 10.4 | I8: 291.2 | J8: =I8-F8
A9: LP-0117 | B9: covered | C9: 28.7 | D9: =ROUNDUP(C9,0) | E9: 10.4 | F9: =D9*E9 | G9: 32 | H9: 10.4 | I9: 332.8 | J9: =I9-F9
A10: LP-0118 | B10: covered | C10: 22.1 | D10: =ROUNDUP(C10,0) | E10: 10.4 | F10: =D10*E10 | G10: 24 | H10: 10.4 | I10: 249.6 | J10: =I10-F10
A11: LP-0120 | B11: covered | C11: 30.8 | D11: =ROUNDUP(C11,0) | E11: 10.4 | F11: =D11*E11 | G11: 32 | H11: 10.4 | I11: 332.8 | J11: =I11-F11
A12: LP-0123 | B12: covered | C12: 25.3 | D12: =ROUNDUP(C12,0) | E12: 10.4 | F12: =D12*E12 | G12: 32 | H12: 10.4 | I12: 332.8 | J12: =I12-F12
A13: LP-0205 | B13: covered | C13: 23 | D13: =ROUNDUP(C13,0) | E13: 10.4 | F13: =D13*E13 | G13: 40 | H13: 10.4 | I13: 416 | J13: =I13-F13
... A267: GW-0501 | B267: open | C267: 22.6 | D267: =ROUNDUP(C267,0) | E267: 7.55 | F267: =D267*E267 | G267: 40 | H267: 7.55 | I267: 302 | J267: =I267-F267
A268: Total | F268: =SUM(F2:F267) | I268: =SUM(I2:I267) | J268: =SUM(J2:J267)

Sheet Aging
A1: Account ID | B1: Tenant | C1: Slip ID | D1: Basin | E1: Rate Class | F1: Current | G1: 30 Days | H1: 60 Days | I1: 90 Days | J1: 120+ Days | K1: Total Due | L1: Last Payment Date | M1: Payment Status
A2: AC-LP-0122 | B2: Paula Arroyo | C2: LP-0122 | D2: Ledgport | E2: NON_COMM_MONTHLY | F2: 509.6 | G2: 509.6 | H2: 509.6 | I2: 509.6 | J2: 0 | K2: =SUM(F2:J2) | L2: 2026-05-29 | M2: COLLECTIONS
A3: AC-LP-0402 | B3: Dawn Brown | C3: LP-0402 | D3: Ledgport | E3: NON_COMM_MONTHLY | F3: 384.8 | G3: 384.8 | H3: 384.8 | I3: 384.8 | J3: 0 | K3: =SUM(F3:J3) | L3: 2026-07-11 | M3: COLLECTIONS
A4: AC-LP-0602 | B4: Lee Maldonado | C4: LP-0602 | D4: Ledgport | E4: NON_COMM_MONTHLY | F4: 603.2 | G4: 603.2 | H4: 603.2 | I4: 603.2 | J4: 603.2 | K4: =SUM(F4:J4) | L4: 2026-07-18 | M4: COLLECTIONS
A5: AC-LP-0605 | B5: Andrew Anderson | C5: LP-0605 | D5: Ledgport | E5: NON_COMM_MONTHLY | F5: 530.4 | G5: 530.4 | H5: 530.4 | I5: 530.4 | J5: 0 | K5: =SUM(F5:J5) | L5: 2026-05-06 | M5: COLLECTIONS
A6: AC-LP-0713 | B6: Stacey Mitchell | C6: LP-0713 | D6: Ledgport | E6: NON_COMM_MONTHLY | F6: 416 | G6: 416 | H6: 416 | I6: 416 | J6: 832 | K6: =SUM(F6:J6) | L6: 2026-05-15 | M6: COLLECTIONS
A7: AC-LP-0801 | B7: Allison Nguyen | C7: LP-0801 | D7: Ledgport | E7: NON_COMM_MONTHLY | F7: 488.8 | G7: 488.8 | H7: 488.8 | I7: 488.8 | J7: 0 | K7: =SUM(F7:J7) | L7: 2026-07-08 | M7: COLLECTIONS
A8: Total | F8: =SUM(F2:F7) | G8: =SUM(G2:G7) | H8: =SUM(H2:H7) | I8: =SUM(I2:I7) | J8: =SUM(J2:J7) | K8: =SUM(K2:K7)
