Workbook

Sheet Skips
A1: Applicant ID | B1: Skip Date | C1: Review Date | D1: PDF Exists | E1: Priority
A2: WL-03099 | B2: 2023-01-08 | C2: 2023-01-10 | D2: No | E2: =IF(D2="No", "Priority 1", IF(C2>B2, "Priority 2", "None")) -> 0
A3: WL-02685 | B3: 2023-01-08 | C3: 2023-01-11 | D3: No | E3: =IF(D3="No", "Priority 1", IF(C3>B3, "Priority 2", "None")) -> 0
A4: WL-01298 | B4: 2023-01-26 | C4: 2023-01-29 | D4: No | E4: =IF(D4="No", "Priority 1", IF(C4>B4, "Priority 2", "None")) -> 0
A5: WL-01959 | B5: 2023-01-08 | C5: 2023-01-11 | D5: No | E5: =IF(D5="No", "Priority 1", IF(C5>B5, "Priority 2", "None")) -> 0
A6: WL-01695 | B6: 2023-01-10 | C6: 2023-01-13 | D6: No | E6: =IF(D6="No", "Priority 1", IF(C6>B6, "Priority 2", "None")) -> 0
A7: WL-02565 | B7: 2023-02-18 | C7: 2023-02-23 | D7: No | E7: =IF(D7="No", "Priority 1", IF(C7>B7, "Priority 2", "None")) -> 0
A8: WL-02664 | B8: 2023-02-19 | C8: 2023-02-19 | D8: No | E8: =IF(D8="No", "Priority 1", IF(C8>B8, "Priority 2", "None")) -> 0
A9: WL-03582 | B9: 2023-02-10 | C9: 2023-02-14 | D9: No | E9: =IF(D9="No", "Priority 1", IF(C9>B9, "Priority 2", "None")) -> 0
A10: WL-02918 | B10: 2023-02-17 | C10: 2023-02-21 | D10: No | E10: =IF(D10="No", "Priority 1", IF(C10>B10, "Priority 2", "None")) -> 0
A11: WL-03523 | B11: 2023-03-15 | C11: 2023-03-18 | D11: No | E11: =IF(D11="No", "Priority 1", IF(C11>B11, "Priority 2", "None")) -> 0
A12: WL-02366 | B12: 2023-03-06 | C12: 2023-03-10 | D12: No | E12: =IF(D12="No", "Priority 1", IF(C12>B12, "Priority 2", "None")) -> 0
A13: WL-01388 | B13: 2023-03-27 | C13: 2023-03-30 | D13: No | E13: =IF(D13="No", "Priority 1", IF(C13>B13, "Priority 2", "None")) -> 0
... A310: WL-03102 | B310: 2025-09-09 | C310: 2025-09-11 | D310: Yes | E310: =IF(D310="No", "Priority 1", IF(C310>B310, "Priority 2", "None")) -> 0

Sheet Amendments
A1: Applicant ID | B1: Amendment Date | C1: Cert Exists | D1: Downstream Skip | E1: Priority
A2: WL-02933 | B2: 2022-08-05 | C2: No | D2: No | E2: =IF(C2="No", IF(D2="Yes", "Priority 1", "Priority 2"), "None") -> 0
A3: WL-01893 | B3: 2022-08-09 | C3: Yes | D3: No | E3: =IF(C3="No", IF(D3="Yes", "Priority 1", "Priority 2"), "None") -> 0
A4: WL-03054 | B4: 2022-08-09 | C4: No | D4: Yes | E4: =IF(C4="No", IF(D4="Yes", "Priority 1", "Priority 2"), "None") -> 0
A5: WL-03103 | B5: 2022-08-10 | C5: No | D5: No | E5: =IF(C5="No", IF(D5="Yes", "Priority 1", "Priority 2"), "None") -> 0
A6: WL-03085 | B6: 2022-09-01 | C6: No | D6: No | E6: =IF(C6="No", IF(D6="Yes", "Priority 1", "Priority 2"), "None") -> 0
A7: WL-01962 | B7: 2022-09-07 | C7: No | D7: No | E7: =IF(C7="No", IF(D7="Yes", "Priority 1", "Priority 2"), "None") -> 0
A8: WL-03600 | B8: 2022-09-20 | C8: No | D8: No | E8: =IF(C8="No", IF(D8="Yes", "Priority 1", "Priority 2"), "None") -> 0
A9: WL-02493 | B9: 2022-09-22 | C9: No | D9: No | E9: =IF(C9="No", IF(D9="Yes", "Priority 1", "Priority 2"), "None") -> 0
A10: WL-03241 | B10: 2022-09-23 | C10: No | D10: No | E10: =IF(C10="No", IF(D10="Yes", "Priority 1", "Priority 2"), "None") -> 0
A11: WL-01333 | B11: 2022-10-05 | C11: No | D11: Yes | E11: =IF(C11="No", IF(D11="Yes", "Priority 1", "Priority 2"), "None") -> 0
A12: WL-01115 | B12: 2022-10-12 | C12: No | D12: No | E12: =IF(C12="No", IF(D12="Yes", "Priority 1", "Priority 2"), "None") -> 0
A13: WL-02120 | B13: 2022-10-17 | C13: No | D13: Yes | E13: =IF(C13="No", IF(D13="Yes", "Priority 1", "Priority 2"), "None") -> 0
... A202: WL-03688 | B202: 2026-08-17 | C202: No | D202: No | E202: =IF(C202="No", IF(D202="Yes", "Priority 1", "Priority 2"), "None") -> 0

Sheet Billing Reconciliation
A1: Slip ID | B1: Basin | C1: Slip Size (ft) | D1: Check-in LOA (ft) | E1: Billable Length (ft) | F1: Rate per Foot | G1: Expected Charge | H1: Actual Charge | I1: Variance | J1: Priority
A2: LP-0101 | B2: Ledgport | C2: 24 | D2: 51 | E2: =MAX(ROUNDUP(D2, 0), C2) -> 0 | F2: 10.4 | G2: =E2*F2 -> 0 | H2: 530.4 | I2: =ROUND(H2-G2, 2) -> 0 | J2: =IF(ABS(I2)>0.01, "Priority 3", "None") -> 0
A3: LP-0102 | B3: Ledgport | C3: 40 | D3: 21.9 | E3: =MAX(ROUNDUP(D3, 0), C3) -> 0 | F3: 10.4 | G3: =E3*F3 -> 0 | H3: 416 | I3: =ROUND(H3-G3, 2) -> 0 | J3: =IF(ABS(I3)>0.01, "Priority 3", "None") -> 0
A4: LP-0103 | B4: Ledgport | C4: 28 | D4: 32.7 | E4: =MAX(ROUNDUP(D4, 0), C4) -> 0 | F4: 10.4 | G4: =E4*F4 -> 0 | H4: 343.2 | I4: =ROUND(H4-G4, 2) -> 0 | J4: =IF(ABS(I4)>0.01, "Priority 3", "None") -> 0
A5: LP-0104 | B5: Ledgport | C5: 24 | D5: 42.8 | E5: =MAX(ROUNDUP(D5, 0), C5) -> 0 | F5: 10.4 | G5: =E5*F5 -> 0 | H5: 447.2 | I5: =ROUND(H5-G5, 2) -> 0 | J5: =IF(ABS(I5)>0.01, "Priority 3", "None") -> 0
A6: LP-0105 | B6: Ledgport | C6: 36 | D6: 39 | E6: =MAX(ROUNDUP(D6, 0), C6) -> 0 | F6: 10.4 | G6: =E6*F6 -> 0 | H6: 405.6 | I6: =ROUND(H6-G6, 2) -> 0 | J6: =IF(ABS(I6)>0.01, "Priority 3", "None") -> 0
A7: LP-0106 | B7: Ledgport | C7: 24 | D7: 39 | E7: =MAX(ROUNDUP(D7, 0), C7) -> 0 | F7: 10.4 | G7: =E7*F7 -> 0 | H7: 405.6 | I7: =ROUND(H7-G7, 2) -> 0 | J7: =IF(ABS(I7)>0.01, "Priority 3", "None") -> 0
A8: LP-0107 | B8: Ledgport | C8: 24 | D8: 30.4 | E8: =MAX(ROUNDUP(D8, 0), C8) -> 0 | F8: 10.4 | G8: =E8*F8 -> 0 | H8: 322.4 | I8: =ROUND(H8-G8, 2) -> 0 | J8: =IF(ABS(I8)>0.01, "Priority 3", "None") -> 0
A9: LP-0108 | B9: Ledgport | C9: 32 | D9: 23.4 | E9: =MAX(ROUNDUP(D9, 0), C9) -> 0 | F9: 10.4 | G9: =E9*F9 -> 0 | H9: 332.8 | I9: =ROUND(H9-G9, 2) -> 0 | J9: =IF(ABS(I9)>0.01, "Priority 3", "None") -> 0
A10: LP-0109 | B10: Ledgport | C10: 32 | D10: 20.8 | E10: =MAX(ROUNDUP(D10, 0), C10) -> 0 | F10: 10.4 | G10: =E10*F10 -> 0 | H10: 332.8 | I10: =ROUND(H10-G10, 2) -> 0 | J10: =IF(ABS(I10)>0.01, "Priority 3", "None") -> 0
A11: LP-0110 | B11: Ledgport | C11: 28 | D11: 26 | E11: =MAX(ROUNDUP(D11, 0), C11) -> 0 | F11: 10.4 | G11: =E11*F11 -> 0 | H11: 291.2 | I11: =ROUND(H11-G11, 2) -> 0 | J11: =IF(ABS(I11)>0.01, "Priority 3", "None") -> 0
A12: LP-0111 | B12: Ledgport | C12: 40 | D12: 53.5 | E12: =MAX(ROUNDUP(D12, 0), C12) -> 0 | F12: 10.4 | G12: =E12*F12 -> 0 | H12: 561.6 | I12: =ROUND(H12-G12, 2) -> 0 | J12: =IF(ABS(I12)>0.01, "Priority 3", "None") -> 0
A13: LP-0113 | B13: Ledgport | C13: 36 | D13: 26 | E13: =MAX(ROUNDUP(D13, 0), C13) -> 0 | F13: 10.4 | G13: =E13*F13 -> 0 | H13: 374.4 | I13: =ROUND(H13-G13, 2) -> 0 | J13: =IF(ABS(I13)>0.01, "Priority 3", "None") -> 0
... A1087: SB-0918 | B1087: Salmonberry | C1087: 80 | D1087: 56.6 | E1087: =MAX(ROUNDUP(D1087, 0), C1087) -> 0 | F1087: 7.55 | G1087: =E1087*F1087 -> 0 | H1087: 0 | I1087: =ROUND(H1087-G1087, 2) -> 0 | J1087: =IF(ABS(I1087)>0.01, "Priority 3", "None") -> 0

Sheet Delinquencies
A1: Account ID | B1: Slip ID | C1: Tenant | D1: 91-120 Days | E1: 120+ Days | F1: Delinquent Balance
A2: AC-LP-0122 | B2: LP-0122 | C2: Paula Arroyo | D2: 509.6 | E2: 0 | F2: =D2+E2 -> 0
A3: AC-LP-0402 | B3: LP-0402 | C3: Dawn Brown | D3: 384.8 | E3: 0 | F3: =D3+E3 -> 0
A4: AC-LP-0602 | B4: LP-0602 | C4: Lee Maldonado | D4: 603.2 | E4: 603.2 | F4: =D4+E4 -> 0
A5: AC-LP-0605 | B5: LP-0605 | C5: Andrew Anderson | D5: 530.4 | E5: 0 | F5: =D5+E5 -> 0
A6: AC-LP-0713 | B6: LP-0713 | C6: Stacey Mitchell | D6: 416 | E6: 832 | F6: =D6+E6 -> 0
A7: AC-LP-0801 | B7: LP-0801 | C7: Allison Nguyen | D7: 488.8 | E7: 0 | F7: =D7+E7 -> 0

Sheet Summary
A1: Audit Summary
A3: Total Priority 1 Exceptions | B3: =COUNTIF(Skips!E:E, "Priority 1") + COUNTIF(Amendments!E:E, "Priority 1") -> 0
A4: Total Priority 2 Exceptions | B4: =COUNTIF(Skips!E:E, "Priority 2") + COUNTIF(Amendments!E:E, "Priority 2") -> 0
A5: Total Priority 3 Exceptions (Arithmetic Errors) | B5: =COUNTIF('Billing Reconciliation'!J:J, "Priority 3") -> 0
A7: Total Delinquent Balance | B7: =SUM(Delinquencies!F:F) -> 0
A8: Total Billing Variance | B8: =SUM('Billing Reconciliation'!I:I) -> 0
