Workbook

Sheet Parameters
A1: Rate Class | B1: Rate
A2: Covered | B2: 10.4
A3: Open | B3: 7.55

Sheet Queue Exceptions
A1: Type | B1: ID | C1: Applicant ID | D1: Priority | E1: Reason
A2: Skip | B2: SKP-2023-0095 | C2: WL-03099 | D2: Priority 1 | E2: No supporting record
A3: Skip | B3: SKP-2023-0096 | C3: WL-02685 | D3: Priority 1 | E3: No supporting record
A4: Skip | B4: SKP-2023-0097 | C4: WL-01298 | D4: Priority 1 | E4: No supporting record
A5: Skip | B5: SKP-2023-0098 | C5: WL-01959 | D5: Priority 1 | E5: No supporting record
A6: Skip | B6: SKP-2023-0099 | C6: WL-01695 | D6: Priority 1 | E6: No supporting record
A7: Skip | B7: SKP-2023-0100 | C7: WL-02565 | D7: Priority 1 | E7: No supporting record
A8: Skip | B8: SKP-2023-0101 | C8: WL-02664 | D8: Priority 1 | E8: No supporting record
A9: Skip | B9: SKP-2023-0102 | C9: WL-03582 | D9: Priority 1 | E9: No supporting record
A10: Skip | B10: SKP-2023-0103 | C10: WL-02918 | D10: Priority 1 | E10: No supporting record
A11: Skip | B11: SKP-2023-0104 | C11: WL-03523 | D11: Priority 1 | E11: No supporting record
A12: Skip | B12: SKP-2023-0105 | C12: WL-02366 | D12: Priority 1 | E12: No supporting record
... A508: Amendment | B508: AMD-002242 | C508: WL-03688 | D508: Priority 2 | E508: No certificate, no downstream skip

Sheet Billing Reconciliations
A1: Slip ID | B1: Status | C1: Covered | D1: Vessel LOA (ft) | E1: Slip Size (ft) | F1: Actual Billed | G1: Expected Charge | H1: Variance | I1: Exception Priority
A2: LP-0101 | B2: OCCUPIED | C2: COVERED | D2: 51 | E2: 24 | F2: 530.4 | G2: =MAX(ROUNDUP(D2, 0), E2) * IF(C2="COVERED", Parameters!$B$2, Parameters!$B$3) -> 0 | H2: =F2 - G2 -> 0 | I2: =IF(ABS(H2)>0.01, "Priority 3", "") -> 0
A3: LP-0102 | B3: OCCUPIED | C3: COVERED | D3: 21.9 | E3: 40 | F3: 416 | G3: =MAX(ROUNDUP(D3, 0), E3) * IF(C3="COVERED", Parameters!$B$2, Parameters!$B$3) -> 0 | H3: =F3 - G3 -> 0 | I3: =IF(ABS(H3)>0.01, "Priority 3", "") -> 0
A4: LP-0103 | B4: OCCUPIED | C4: COVERED | D4: 32.7 | E4: 28 | F4: 343.2 | G4: =MAX(ROUNDUP(D4, 0), E4) * IF(C4="COVERED", Parameters!$B$2, Parameters!$B$3) -> 0 | H4: =F4 - G4 -> 0 | I4: =IF(ABS(H4)>0.01, "Priority 3", "") -> 0
A5: LP-0104 | B5: OCCUPIED | C5: COVERED | D5: 42.8 | E5: 24 | F5: 447.2 | G5: =MAX(ROUNDUP(D5, 0), E5) * IF(C5="COVERED", Parameters!$B$2, Parameters!$B$3) -> 0 | H5: =F5 - G5 -> 0 | I5: =IF(ABS(H5)>0.01, "Priority 3", "") -> 0
A6: LP-0105 | B6: OCCUPIED | C6: COVERED | D6: 39 | E6: 36 | F6: 405.6 | G6: =MAX(ROUNDUP(D6, 0), E6) * IF(C6="COVERED", Parameters!$B$2, Parameters!$B$3) -> 0 | H6: =F6 - G6 -> 0 | I6: =IF(ABS(H6)>0.01, "Priority 3", "") -> 0
A7: LP-0106 | B7: OCCUPIED | C7: COVERED | D7: 39 | E7: 24 | F7: 405.6 | G7: =MAX(ROUNDUP(D7, 0), E7) * IF(C7="COVERED", Parameters!$B$2, Parameters!$B$3) -> 0 | H7: =F7 - G7 -> 0 | I7: =IF(ABS(H7)>0.01, "Priority 3", "") -> 0
A8: LP-0107 | B8: OCCUPIED | C8: COVERED | D8: 30.4 | E8: 24 | F8: 322.4 | G8: =MAX(ROUNDUP(D8, 0), E8) * IF(C8="COVERED", Parameters!$B$2, Parameters!$B$3) -> 0 | H8: =F8 - G8 -> 0 | I8: =IF(ABS(H8)>0.01, "Priority 3", "") -> 0
A9: LP-0108 | B9: OCCUPIED | C9: COVERED | D9: 23.4 | E9: 32 | F9: 332.8 | G9: =MAX(ROUNDUP(D9, 0), E9) * IF(C9="COVERED", Parameters!$B$2, Parameters!$B$3) -> 0 | H9: =F9 - G9 -> 0 | I9: =IF(ABS(H9)>0.01, "Priority 3", "") -> 0
A10: LP-0109 | B10: OCCUPIED | C10: COVERED | D10: 20.8 | E10: 32 | F10: 332.8 | G10: =MAX(ROUNDUP(D10, 0), E10) * IF(C10="COVERED", Parameters!$B$2, Parameters!$B$3) -> 0 | H10: =F10 - G10 -> 0 | I10: =IF(ABS(H10)>0.01, "Priority 3", "") -> 0
A11: LP-0110 | B11: OCCUPIED | C11: COVERED | D11: 26 | E11: 28 | F11: 291.2 | G11: =MAX(ROUNDUP(D11, 0), E11) * IF(C11="COVERED", Parameters!$B$2, Parameters!$B$3) -> 0 | H11: =F11 - G11 -> 0 | I11: =IF(ABS(H11)>0.01, "Priority 3", "") -> 0
A12: LP-0111 | B12: OCCUPIED | C12: COVERED | D12: 53.5 | E12: 40 | F12: 561.6 | G12: =MAX(ROUNDUP(D12, 0), E12) * IF(C12="COVERED", Parameters!$B$2, Parameters!$B$3) -> 0 | H12: =F12 - G12 -> 0 | I12: =IF(ABS(H12)>0.01, "Priority 3", "") -> 0
A13: LP-0113 | B13: OCCUPIED | C13: COVERED | D13: 26 | E13: 36 | F13: 374.4 | G13: =MAX(ROUNDUP(D13, 0), E13) * IF(C13="COVERED", Parameters!$B$2, Parameters!$B$3) -> 0 | H13: =F13 - G13 -> 0 | I13: =IF(ABS(H13)>0.01, "Priority 3", "") -> 0
... A1087: SB-0918 | B1087: OCCUPIED | C1087: OPEN | D1087: 56.6 | E1087: 80 | F1087: 0 | G1087: =MAX(ROUNDUP(D1087, 0), E1087) * IF(C1087="COVERED", Parameters!$B$2, Parameters!$B$3) -> 0 | H1087: =F1087 - G1087 -> 0 | I1087: =IF(ABS(H1087)>0.01, "Priority 3", "") -> 0

Sheet Aging Report
A1: Account ID | B1: Tenant | C1: Slip ID | D1: 91-120 Days | E1: 120+ Days | F1: Delinquent Balance
A2: AC-LP-0122 | B2: Paula Arroyo | C2: LP-0122 | D2: 509.6 | E2: 0 | F2: =D2 + E2 -> 0
A3: AC-LP-0402 | B3: Dawn Brown | C3: LP-0402 | D3: 384.8 | E3: 0 | F3: =D3 + E3 -> 0
A4: AC-LP-0602 | B4: Lee Maldonado | C4: LP-0602 | D4: 603.2 | E4: 603.2 | F4: =D4 + E4 -> 0
A5: AC-LP-0605 | B5: Andrew Anderson | C5: LP-0605 | D5: 530.4 | E5: 0 | F5: =D5 + E5 -> 0
A6: AC-LP-0713 | B6: Stacey Mitchell | C6: LP-0713 | D6: 416 | E6: 832 | F6: =D6 + E6 -> 0
A7: AC-LP-0801 | B7: Allison Nguyen | C7: LP-0801 | D7: 488.8 | E7: 0 | F7: =D7 + E7 -> 0

Sheet Summary
A1: Audit Area | B1: Total Count
A2: Priority 1 Exceptions (Queue) | B2: =COUNTIF('Queue Exceptions'!D:D, "Priority 1") -> 0
A3: Priority 2 Exceptions (Queue) | B3: =COUNTIF('Queue Exceptions'!D:D, "Priority 2") -> 0
A4: Priority 3 Exceptions (Billing Subledger Arithmetic) | B4: =COUNTIF('Billing Reconciliations'!I:I, "Priority 3") -> 0
A5: Total Billing Variances Value ($) | B5: =SUMIF('Billing Reconciliations'!I:I, "Priority 3", 'Billing Reconciliations'!H:H) -> 0
A6: Total Delinquent Accounts | B6: =COUNTA('Aging Report'!A:A) - 1 -> 0
A7: Total Delinquent Balance ($) | B7: =SUM('Aging Report'!F:F) -> 0
